ì¹´í…Œê³ ë¦¬: ëª¨ë“  ì¹´í…Œê³ ë¦¬,
,
ì£?ì½”ë¡œ?? (?€?œë?êµ?,
2021-07-25,63
2021-08-01,67
2021-08-08,100
2021-08-15,80
2021-08-22,53
2021-08-29,45
2021-09-05,56
2021-09-12,43
2021-09-19,47
2021-09-26,47
2021-10-03,41
2021-10-10,34
2021-10-17,40
2021-10-24,41
2021-10-31,39
2021-11-07,32
2021-11-14,33
2021-11-21,42
2021-11-28,52
2021-12-05,64
2021-12-12,73
2021-12-19,47
2021-12-26,40
2022-01-02,38
2022-01-09,34
2022-01-16,32
2022-01-23,47
2022-01-30,57
2022-02-06,65
2022-02-13,71
2022-02-20,70
2022-02-27,68
2022-03-06,77
2022-03-13,93
2022-03-20,75
2022-03-27,64
2022-04-03,54
2022-04-10,40
2022-04-17,32
2022-04-24,27
2022-05-01,24
2022-05-08,22
2022-05-15,21
2022-05-22,17
2022-05-29,17
2022-06-05,15
2022-06-12,13
2022-06-19,12
2022-06-26,11
2022-07-03,15
2022-07-10,24
2022-07-17,29
