"통계분류(1)",통계분류(2),2016,2016,2016,2016,2016,2016,2016,2016,2016,2016,2016,2016,2018,2018,2018,2018,2018,2018,2018,2018,2018,2018,2018,2018,2019,2019,2019,2019,2019,2019,2019,2019,2019,2019,2019,2019,2020,2020,2020,2020,2020,2020,2020,2020,2020,2020,2020,2020,2021,2021,2021,2021,2021,2021,2021,2021,2021,2021,2021,2021
"통계분류(1)",통계분류(2),표본수,문화유적방문,자연명승,삼림욕,국내캠핑,해외여행,소풍/야유회,온천/해수욕,유람선 타기,테마파크가기,지역축제참가,자동차 드라이브,표본수,문화유적방문,자연명승,삼림욕,국내캠핑,해외여행,소풍/야유회,온천/해수욕,유람선 타기,테마파크가기,지역축제참가,자동차 드라이브,표본수,문화유적방문,자연명승,삼림욕,국내캠핑,해외여행,소풍/야유회,온천/해수욕,유람선 타기,테마파크가기,지역축제참가,자동차 드라이브,표본수,문화유적방문,자연명승,삼림욕,국내캠핑,해외여행,소풍/야유회,온천/해수욕,유람선 타기,테마파크가기,지역축제참가,자동차 드라이브,표본수,문화유적방문,자연명승,삼림욕,국내캠핑,해외여행,소풍/야유회,온천/해수욕,유람선 타기,테마파크가기,지역축제참가,자동차 드라이브
"전체",소계,10602,5.6,11,6.8,10.8,21.5,4.5,7.3,2.2,7.4,6.7,3.9,10498,5.4,12.1,6.2,9.4,16.7,4.9,7.7,2.2,7.6,10.1,5.6,10060,4.9,20.8,5.2,9.5,14,4.1,5.2,1.3,7.6,6.2,6.3,10088,7,19.4,5.7,12.3,10.2,4.4,5.3,1.4,6.3,5.2,9.5,10049,6,19.8,5.2,15.5,10.2,3.8,3.4,0.8,4.9,3.5,10.7
"성별",남성,5179,5.5,10.6,6.9,12.5,20.8,4.2,6.1,1.6,7.5,6.7,5,5263,5.2,12.3,5.8,11.1,15.9,4.2,6.7,1.6,7.7,10.4,6.6,5028,4.8,20.3,5.2,11.5,13.7,3.6,3.9,1.5,6.6,5.5,7.4,5003,6,19.4,5.6,13.6,9.7,4,3.9,1.4,6,5.7,11.4,4972,5.6,19.2,4.9,17.9,9.8,3.6,2.4,0.9,4.5,3.4,12
"성별",여성,5423,5.6,11.3,6.7,9.1,22.2,4.9,8.6,2.7,7.4,6.8,2.9,5235,5.6,11.9,6.6,7.7,17.5,5.7,8.7,2.8,7.5,9.9,4.6,5032,5,21.3,5.1,7.6,14.4,4.6,6.5,1,8.7,6.8,5.2,5085,8,19.5,5.7,11,10.7,4.7,6.6,1.4,6.5,4.8,7.6,5077,6.3,20.3,5.5,13.2,10.6,4.1,4.3,0.7,5.3,3.6,9.4
"연령별",15~19세,827,3.6,6.2,2.3,14.4,17.9,6.7,2.9,2.6,19.2,5.9,2.4,696,3.8,6.7,1.4,10.1,14,8.3,2.7,2.5,22.3,7.2,1.4,661,1.6,9.5,1,10.8,15.2,4.7,2.4,1.6,30.1,5,1.5,619,4.9,13.9,1.9,14.7,8.8,4.4,2.7,2.8,18,3.1,6,588,4.1,11.8,1.4,24,9.6,4.7,0.8,0.6,15,2.3,5.1
"연령별",20대,1476,3.1,7.9,3.3,16.3,25.9,5.7,3.5,1.8,13.7,3.4,5.3,1458,3.4,7.8,4.6,11.9,21.2,4.6,5.1,1.2,14.8,8,8.4,1468,2.7,13.6,1.8,15.7,18.3,3.9,1.6,1.1,14.1,2.7,9.9,1536,4,16.1,3.1,18,15.2,3.7,1.8,2,10.5,2.7,11.5,1512,3,14.4,3.1,23.6,14.6,2.9,1.1,0.6,9.3,2,11.9
"연령별",30대,1707,5.3,9.6,5.9,14.4,24.8,4.1,6.1,2.1,9.1,4.9,4.6,1560,4.1,11,5.3,14.6,20,3.3,5.1,1.2,10.3,8.5,7.4,1643,3.8,16,2.9,14.4,16.8,4.9,2.7,0.8,12.6,4.3,11.2,1644,4.8,16.4,5.1,18.9,11.7,5.9,3.1,1.2,10.7,3.1,10.7,1492,4.5,15.6,4.5,24.4,11.1,5,1.7,0.2,7.4,2,13.1
"연령별",40대,1991,5.8,9.6,6.8,11.8,24.8,5.6,5.7,1.6,6.2,6.9,5,1998,4.9,12.2,5.4,11.7,18.1,6,7.3,2.2,5.9,9.5,6.8,1885,5.2,22.1,5.4,10.9,14.9,4.1,5.1,1.1,5.2,6.2,6.6,1888,7,17.9,5.3,14.4,11.3,4.8,4.7,0.8,6,5.4,12.2,1782,5.2,19.8,5.8,19,10.6,5,2.9,0.7,4.4,2.4,11.7
"연령별",50대,1956,6.5,11.8,9.5,7.7,20.8,3.5,8.5,2.3,3.6,8.8,4.3,2007,6.6,14.1,7.4,7.9,16.3,4,8.9,2.2,2.7,12.3,5.1,1877,5.2,26,7.7,7.5,15,3.8,6.7,1.3,1.8,7.6,5.2,1858,8.4,21.7,6.8,10,10.3,3.2,5.9,1.2,2.9,6.3,10.1,1900,6.6,23.3,6.7,12.2,10.7,3,3.7,0.9,2.5,3.9,12.1
"연령별",60대,1336,5.5,16,10,5.2,18.4,3.1,12.2,2.8,3.4,6.4,2.5,1422,5.7,15,8.5,4.6,15.5,5,10.9,3.4,3,12,4,1324,7,29,9.2,3.7,10.7,2.8,6.3,1.8,1.4,7.3,3.5,1377,9.1,24.6,8.8,5.7,7.8,4.2,7.8,1.2,1.9,8.6,7.1,1477,8.4,25,6.5,5.6,8.9,3.4,5,1.3,1.4,5.5,10.2
"연령별",70세이상,1309,9.1,16.4,8.1,3.8,11,3.7,13.4,2.7,1.4,11.4,0.9,1357,9.6,16,9,2,6.6,5.3,12.9,3.3,1.8,12.4,2.1,1202,8,23,5.6,1.7,4.7,5.1,11.7,1.7,1.1,10.3,1.8,1166,10,22.8,6.3,3.4,3.4,4.5,10.5,1.9,0.7,6.2,4.7,1298,9.3,23,5.1,3.3,4,3.2,7.4,1.5,1.3,6.5,5.6
"학력별",초졸 이하,1248,7.4,15.7,6.4,7.8,10.8,4.1,10.4,2.5,4.8,10.9,1.4,923,9.9,14,8,2.7,8.1,5.5,11.2,3.4,3.8,12,1.2,1151,5.4,20,4.8,2.9,5.5,5.8,9.7,1.9,5.4,7.5,1.8,1101,9.1,21.1,5,5.1,5,5.1,9.4,2.3,2.5,7.2,3.9,1139,8,21.3,5.4,4,4,3.8,7.9,1,2.6,5.4,5.6
"학력별",중졸,1471,5,11.7,7.8,7.5,15.2,4.9,9.7,1.8,9.2,8.2,2,1452,5.3,13.3,5.6,5.1,12,6.6,8.8,4,9.4,9.2,2.2,1164,5.5,18.2,4.6,6.5,12.8,4,7,1.7,11.5,7.7,1.8,1067,6.9,20,5.6,8.2,7.1,4.1,6.4,1.8,7,5.6,6.8,1142,6.7,20.3,4.9,9.6,8.5,4.8,4.8,0.9,5.2,4.7,5.8
"학력별",고졸,4183,5.3,10.9,7,10.3,21.6,4.6,7.4,2.2,7.2,6.6,4.2,4491,5.4,12.3,6.7,9,17,4.8,8.3,2,6.9,11.2,5.7,3940,5,24.2,5.8,9.1,12.4,4.2,4.9,1,6.2,7.2,7.1,4039,7.4,19.7,5.7,12.3,10.8,3.7,5.2,1.2,5.3,5.9,10.2,3927,6,20.7,5.2,15.4,10.4,3.8,2.8,0.8,4.6,3.7,11.4
"학력별",대졸이상,3700,5.6,9.7,6.4,13,26,4.5,5.8,2.2,7.8,5.4,4.9,3632,4.7,11.1,5.4,12.6,19.5,4.3,5.9,1.5,8.5,8.9,7.6,3805,4.6,18.2,4.7,12.4,18.1,3.7,4,1.3,8.6,4.3,7.9,3881,6,18.5,5.9,15.3,11.7,4.9,3.9,1.3,8.1,3.9,11,3841,5.3,18.2,5.2,20.1,11.9,3.5,2.4,0.8,5.8,2.6,12.6
"동거가구원수별",1인,1178,7.7,14.4,6.6,7.5,12.2,4,11,2.2,5.8,8.2,4.2,2264,5.6,12.6,7.5,7,13.1,3.9,9.9,2.1,5,10.7,5.2,1692,5,20.1,4.6,6.2,11,4.6,7,1.5,4.1,7.1,7.5,1902,6.8,19.6,4.2,10.6,7.3,4.1,7,1.7,2.7,6.3,8.1,2022,6.3,19,5.1,12.8,8.3,3.2,4.6,1.3,4,3.6,9
"동거가구원수별",2인,2452,7.7,15,8.7,4.9,18.8,4,10.7,2.4,3.2,9.1,2.6,2171,7.2,14.4,8,4.7,13.4,5.9,10.4,2.8,3.6,12.5,3.3,2766,6.4,23.3,6.7,6.2,11.9,4.2,6.8,1.8,2.7,7.8,4.4,2581,8.7,22,6.8,8.6,8.6,4.2,7.3,1.2,2.7,6.3,8.3,2786,6.4,22.3,6,10.4,9.1,3,4.4,1.1,2.9,4.8,11.2
"동거가구원수별",3인이상,6972,5,9.9,6.4,12.2,22.6,4.7,6.4,2.1,8.5,6.1,4.2,6063,5,11.5,5.6,10.8,17.9,4.8,6.8,2.1,8.9,9.5,6.2,5602,4.4,20,4.7,11.2,15.2,4,4.4,1.1,9.9,5.4,6.9,5605,6.5,18.6,5.5,13.7,11.1,4.5,4.4,1.4,7.8,4.8,10.1,5241,5.7,18.8,4.8,18.6,11.2,4.3,2.5,0.6,6.1,2.9,10.9
"혼인상태별",미혼,2805,3.4,7.8,3.6,15,23.8,5.8,3.8,1.9,14,4.4,4.8,2925,3.5,8,3.6,12.2,19.9,5.2,4.3,1.6,14.9,8,6.8,2901,2.6,13.9,2.2,14.5,17,3.6,2.5,1.2,14.8,3.7,8.8,3041,4.2,16.1,3.4,16.6,13,4,2.3,1.9,11.1,3.5,11.1,2959,4.1,14.6,3.8,22.2,12.9,3.2,1.2,0.7,8.7,2.2,10.9
"혼인상태별",기혼,6831,6.3,11.8,7.9,9.5,21.5,4.1,8.2,2.2,5.3,7.4,3.8,6121,5.9,13.8,6.8,9.1,16.4,4.7,8.5,2.2,5.2,10.8,5.3,5965,5.7,23.8,6.3,8.3,13.6,4.3,5.8,1.3,5.2,6.8,5.5,5713,8,20.6,6.6,11.6,9.8,4.5,5.8,1.1,5.1,5.5,9.2,5702,6.6,22,5.6,14,9.4,4.3,3.8,0.8,3.5,4,11.5
"혼인상태별",사별/이혼/기타,966,6.9,15.5,8.6,5.5,11.2,4.1,14.2,2.3,2.3,9.4,1.7,1452,7.7,12.7,9.6,3,8.6,5.1,12,3.9,2.1,11.7,4.4,1194,7,21.3,6.2,2.6,7.7,4.3,9.3,1.3,2,9.6,4,1334,7.8,21.2,5.5,5.3,5.2,4.5,10,1.8,0.9,7.8,6.8,1388,7.5,21.9,6.5,5.8,6.8,3.1,6.6,1.2,2.5,4.8,5.8
"가구주여부별",가구주,5001,7,12.6,8,9.7,19.1,4.4,7.3,2.2,5.2,7.5,4.3,5482,5.9,13.8,6.8,9.4,14.6,3.9,8.2,1.8,5.1,11.1,5.9,6563,5.5,22.5,5.6,8.7,13.2,3.7,5.4,1.5,5,6.3,5.9,5073,7.1,20.6,6.1,11.6,8.2,4.3,5.4,1.3,4,6.7,9.8,5133,6.7,20.5,5.7,13.7,8.8,3.7,3.7,1.2,3.4,4.2,11
"가구주여부별",가구주 아님,5601,4.5,9.8,5.9,11.6,23.3,4.7,7.4,2.1,9.1,6.1,3.7,5016,5,10.8,5.6,9.4,18.4,5.7,7.3,2.5,9.6,9.4,5.4,3497,4.2,18.7,4.6,10.6,15,4.7,4.9,1,10.7,6.1,6.9,5015,6.9,18.5,5.3,12.8,11.8,4.4,5.1,1.5,8.1,4,9.3,4916,5.3,19.1,4.7,17.2,11.4,4,3,0.5,6.4,2.9,10.4
"종사자지위별",상용근로자,-,-,-,-,-,-,-,-,-,-,-,-,-,-,-,-,-,-,-,-,-,-,-,-,2965,4.4,19,4.2,13.2,16.5,2.9,3.8,1.3,8.2,4.3,9.4,2980,6.4,18.1,5.4,16,10,4.5,3.9,1.2,7.3,5.5,11.3,3102,5.5,18.2,5.3,20.3,11.3,3.7,2.6,0.7,5.4,2.6,12.5
"종사자지위별",임시근로자,-,-,-,-,-,-,-,-,-,-,-,-,-,-,-,-,-,-,-,-,-,-,-,-,497,4.8,24.6,9.5,8.4,9.5,5.4,4.7,1.8,6.2,4.7,5.4,518,7.9,20.8,5,6.8,10.2,3.5,8.7,2.4,5.1,6,9.4,653,5.1,22.2,4.5,11.5,10.3,3.9,3.9,0.6,5.3,4.5,8.2
"종사자지위별",일용근로자,-,-,-,-,-,-,-,-,-,-,-,-,-,-,-,-,-,-,-,-,-,-,-,-,165,4.8,18.7,3,14.1,16.6,0.8,3.6,2.1,1.7,9.3,10.3,164,6.8,21.4,11.3,8.5,6.7,3.7,5.7,1.1,3.1,5.3,10.9,161,7.4,25.2,5.4,19.4,6.5,1.9,4.2,0.3,3.7,3.9,9
"종사자지위별",고용원이 있는 자영업자,326,5.6,11.2,8.4,12.5,12.3,3.5,6.1,2.3,9.5,7.6,8.1,248,8.7,15.1,13.5,8.7,11.8,1.7,10,1,3,6.9,9.3,337,5.3,15.3,6,10.6,18.8,6.2,5.3,0.6,2.7,5.6,8.4,395,4.9,21.1,5.9,12.2,12.4,4.4,5.5,0.6,3.1,4.1,13,357,5.4,18.3,4.1,20.2,9.8,3.3,2.4,0.5,3.5,0.6,16
"종사자지위별",고용원이 없는 자영업자,1540,6.7,17,8,7.7,19.5,4.1,8.3,1.7,4.3,7,4.2,1637,6.6,14.8,8.4,8.2,17.2,5,7.3,1.7,3.6,9.7,4.9,2006,5.3,24.2,6.7,6.7,14,4.7,4.8,1.3,2.6,7.7,6,1755,7.3,21.9,6.8,11.3,10.9,3.6,4.9,1,3.6,6.4,10.1,1805,6,21.9,6.4,12.7,10.3,3.9,3.7,1,2.4,4.3,10.6
"종사자지위별",무급가족종사자,233,9.4,13.5,4.3,7.9,18.2,6.1,14.2,0.6,3.5,9.1,3.4,139,5.7,18.8,9.1,7,16.9,5.2,6.4,6.7,3.5,7.6,0.6,250,7.5,25.8,5.8,5.9,12.3,4.1,8.3,1,1.6,7.9,5.3,173,10,21.1,7.6,7,16.5,0.8,6.9,1.5,3.1,4.6,13,235,5.3,27.5,5,7.1,10.1,1.4,4.8,0.5,4.5,8,8.9
"종사자지위별",기타종사자,-,-,-,-,-,-,-,-,-,-,-,-,-,-,-,-,-,-,-,-,-,-,-,-,47,4.3,25.6,11.5,7.2,20.1,-,-,-,6.2,4.1,2.5,59,7.8,22,11.8,6.9,16,1.6,5,-,5.8,2.8,10.5,40,0.6,7.4,1.4,42,8.4,1,0.5,-,2.7,2.4,8.5
"종사자지위별",해당없음(무직),4293,5.5,10.2,6.5,10.2,19.4,4.9,8.3,2.1,8.9,7.3,2.5,3857,5.8,11.2,6,6.8,16,5.2,8.5,3,9.3,9.9,4,3793,5,20.1,4.4,8.3,12.2,4.6,6.5,1.3,11.2,6.8,4,4044,7.3,18.7,5,11.2,9.5,4.9,5.8,1.7,7.5,4.6,7.4,3696,6.6,19.3,4.8,13,9.3,4.2,3.8,1,5.9,3.8,9.3
"종사자지위별",임금.봉급 근로자,4210,5.1,9.7,6.7,12.3,25.1,4.4,5.9,2.4,7,5.8,4.9,4617,4.5,11.7,5.1,12.1,17.4,4.8,7,1.6,7.7,10.7,7.1,-,-,-,-,-,-,-,-,-,-,-,-,-,-,-,-,-,-,-,-,-,-,-,-,-,-,-,-,-,-,-,-,-,-,-,-
"가구소득별",100만원 미만,861,9.1,15.6,6.4,4.5,8.8,3.8,11,2,3.2,10.8,1.2,921,7.5,13.7,7.2,3.7,9.1,6.2,11.4,2.4,3.5,10.3,1.8,939,5,21.3,5.7,2.6,5.7,7.2,9.3,2,2.6,8.7,2.7,980,9.2,18,5.2,5.2,5.9,4.5,9.5,1.5,1,6.4,4.5,999,6.8,19.8,5.2,5.3,4.3,3.3,7.8,1.3,2.6,5.6,5.4
"가구소득별",100~200만원,1075,8.3,15.7,8.6,4.6,12.4,4,12.2,2.9,3.4,9.5,3,1007,7.4,15.7,10.2,2.8,9.8,4,12.3,3,3.6,12.7,2.7,929,6,25.8,6.7,4.8,7.1,3.4,6.8,1.3,3.4,8.5,4,923,8.9,21.8,7.3,5.8,5.3,6,7.9,1.6,2.6,5.8,7.6,1012,7.6,21,5.2,8,7.1,3.4,5.1,1.4,3.6,5,7.7
"가구소득별",200~300만원,1594,4.3,13.7,7.7,9.5,19.9,5.4,8.9,2.4,6.5,6.8,3.4,1706,5.5,14.1,5.8,7.7,15.1,4.7,8.2,2.7,7.5,12.1,4.9,1613,5.6,21.6,6.4,7.3,10.5,4.8,6.3,1,6.6,6.3,4.9,1405,6.6,22.3,5.7,12.5,11.7,4.8,4.5,1.9,3.6,6.2,7.7,1421,6.7,21.8,5.2,12.3,8.9,4,3.4,0.9,3.9,4.8,10.9
"가구소득별",300~400만원,2437,5.8,10.7,7.8,11.1,20.8,3.8,7.7,2,7.3,6.7,4,2246,4.6,11.5,7.1,10.8,14.9,4.7,8,2,7.5,10.1,7.3,2184,4.7,21.4,4.3,10.3,13.4,3.9,5.8,1.1,8.1,5.9,6.3,1824,7,18.8,4.9,11.8,11.2,4.3,5.8,1,6.4,5,10.6,1896,5.2,18.8,5.2,16,11.9,4.2,2.5,0.6,5.5,3,11.1
"가구소득별",400~500만원,2231,5.8,8.2,5.1,12.4,24.2,4.6,5.9,1.9,9.4,6.1,4.3,2214,5.2,11.1,5.9,10.9,15,5.6,7.1,2.4,9.6,9.3,5.9,1785,4.5,21.6,4.9,10.5,16,4.1,4.1,1.7,10.1,6.1,5.7,1782,7.2,20.2,5,14.5,9.6,4.7,4.1,1.5,7.4,5.6,8.4,1611,5,19.4,4.9,17.8,9.6,4.5,2.7,0.9,6.6,2.9,11.7
"가구소득별",500~600만원,1356,5.6,9.6,6.8,13,25.8,5.8,6.4,1.8,8.7,5.5,3.8,1405,5.3,12.4,5.2,10.7,20.9,4.6,6.7,2,8.4,10,4.9,1394,5.6,17.8,5.1,11.7,17,4.2,4.6,1.2,8.5,5.2,7.1,1407,6.5,20.2,4,12.7,10.6,3.6,4.1,1.4,8.5,4.5,10.9,1380,5.4,20.7,4.9,19.1,12.1,3.8,2.1,0.3,5.4,2.9,11.9
"가구소득별",600만원 이상,1048,3.3,11.3,6.3,11.3,23.9,3.9,5.1,2.8,7.3,6.3,5.3,999,5.3,10.3,4.2,10.2,25.6,4.5,5,1.3,6.9,8.6,7.1,1216,4,18.9,4.6,12.1,19,2.8,3.2,1.1,7.8,5.3,10,1767,6,16.7,7.7,14.7,11.8,3.9,4.9,1.4,7.8,4.5,11.8,1730,6.6,18.4,5.6,20,12.1,3.1,3.2,0.8,4.8,2.7,11.9
"지역규모별",대도시,4611,4.9,10.2,8.1,11.7,20.6,4.6,7.3,2.7,7.8,5.9,4.2,4418,5.9,12.9,6.9,9.9,17.3,4.5,7.2,1.8,7.4,9.2,5.5,4235,5.1,24,4.9,9.5,13.3,4.4,5.3,1.1,7.7,6.6,6.3,4373,6.6,19.7,5.8,12.3,10.1,4.6,5.6,1.9,6.6,5.6,9.6,4330,6.1,18.8,5.4,16.9,11.1,4.6,3.2,1.1,6.2,4.2,11.2
"지역규모별",중소도시,3610,5.1,10.4,6,10.8,23.5,5,7,2,7.4,6.4,4.2,3524,4.5,11.1,5.6,9.6,16.2,6.2,7.9,2.6,8.8,9.6,5.8,3331,5.1,18,5.6,10.5,15.8,3.9,4.6,1.6,9.1,4.8,6.5,3776,7.9,18.2,5.8,13.5,10.5,3.9,4.7,1,6.8,4.3,9.8,3486,6.1,19.1,5.6,15.9,10.1,3.8,2.9,0.8,4.5,2.4,10.1
"지역규모별",읍면지역,2381,8.1,14.1,5.2,8.4,19.5,3.5,8.2,1,6.7,9.4,2.6,2556,6.2,12.5,5.6,7.7,16.2,3.4,8.6,2.1,5.6,13.4,5.5,2494,4.2,19.2,4.8,7.8,12.3,4.1,6.1,1.1,4.6,7.9,6.1,1939,6,21.3,5.1,9.9,10,4.8,5.6,1.2,4.5,6.1,8.8,2233,5.5,23.2,3.8,11.8,8.1,2.1,4.6,0.3,3.1,4.3,10.9
"권역별",수도권,3289,5,10.4,7.3,11.4,23.1,5,6.4,2.7,7.3,6.3,3.5,3182,4.4,12,6.5,10.5,17.8,5.9,8.6,1.9,8.1,8.5,5.2,3179,3.9,19.5,5.3,10,14.1,3.6,4.6,1.4,8.1,6,6.1,4895,6.9,20.7,5.3,12,8.2,4.9,3.9,1.4,7.7,3.9,6.9,3135,5.7,20.1,5.1,17.2,9.1,4.3,2.6,0.9,6.1,3.3,7.6
"권역별",강원/제주권,762,3.5,4.3,5.2,6.8,18.9,5.1,6.5,1.7,4.4,8.6,8,786,3.9,7.3,4.5,9.5,23.2,2.7,5.2,2.3,7.1,6.9,4.7,765,5.6,9.6,6.6,10.3,16.9,6.2,4.4,2.2,5.9,6.2,6.6,440,2.3,8.2,6.4,14.7,18.5,2,3.9,0.9,3.4,4.5,16.8,777,2.4,13.9,7.4,12.9,7,2.5,2.3,0.1,3.1,2.3,17.7
"권역별",충청/세종권,1778,4.9,8.5,8.3,9.7,17.3,4.2,7,2.7,6.4,8.8,3.8,1772,3.6,13.3,5.7,9.8,11.6,2.9,7.2,1.7,6,12,6,1693,4.4,20.4,5.7,10.1,10.8,6.2,5.4,1,9.1,4.6,7.2,1115,12.1,24.7,8,15.3,8,4.3,4,0.8,6.2,7,7.7,1703,5.9,23.4,4.9,21.1,11.5,3.3,3,0.4,5.8,4.3,10.4
"권역별",호남권,1575,4.6,20,5.9,9.9,12.1,6.1,10.3,0.7,8.6,8.2,4.2,1582,5.8,13.5,6.9,6.1,18.5,7.1,6.1,2.5,5.4,9.6,7.3,1447,6.1,24,4.4,8.3,12.6,4.3,3.8,0.6,7.2,8.9,6.9,1029,4.2,17.1,5.3,13.7,10.2,4.3,6.9,1.9,6.1,9.3,13.5,1469,8.1,16.4,4.8,11.6,17.3,4.9,4.1,0.7,3.9,5.8,9.8
"권역별",대경권,1302,11.2,14.3,6.1,9.6,25.5,5,8.6,2,6.4,5.8,1.9,1304,14.1,15.3,9.7,8.6,14.3,2.2,6.1,2.6,9.9,5.4,4.6,1195,9.7,24,6.8,9.7,14.2,3.3,4.4,0.2,7.5,5.1,4.2,1047,7.1,18.1,5.7,13.2,18.6,3.2,7.2,2.3,3.8,4.8,9.7,1203,7.1,26.4,6,15.9,10.1,3.6,6.3,1.3,3.3,3.6,6.4
"권역별",동남권,1896,5.2,8.2,5.6,11.7,23.4,2,8,1.2,9.5,5.7,5.4,1872,4.6,9.9,3.1,8.3,15.5,4,7.9,3,7.3,18.4,6.6,1781,4.6,24.2,3.3,8.1,16.2,4,8.7,1.9,5.9,6.8,7.3,1562,6.7,16.8,5.1,8.7,10.5,4.2,8.8,1.2,4.3,6.1,14.6,1762,6.1,15.6,4.8,9.1,9.3,2.5,4.2,0.6,2.5,2.5,22.7
"17개 시도별",서울,1257,5,8.9,8.3,9.9,22,4.1,6.3,3.9,7.1,6.3,3.4,1220,4.3,11.7,6.6,11.6,22.9,4.3,8.3,1.6,7.6,5.9,5.7,1191,4.4,20.8,5.1,10,11.8,5.7,4.7,1.6,8,9.1,7.4,1931,6.7,18.6,5.7,12.2,9.5,5.7,5.2,2.8,7,5.5,7.2,1195,6,15.2,5,17.1,13,4.9,2.1,1.4,7.7,5.7,8.8
"17개 시도별",부산,751,3.8,5.1,6.7,10,22.1,2.1,11,1.8,9.5,5.1,6,734,4.6,13.2,2.5,8,12.6,3.5,8.1,2.8,8.5,18.5,5.4,693,3.9,28.7,2.1,4.9,20,1.5,11.4,1.7,4.1,4.9,6.2,681,7.8,21.4,6.1,7.6,13.6,3.9,10.1,1.5,3.7,4.9,11.3,691,8.8,16.7,4.6,9.6,11.8,2.4,5.3,0.4,3.2,2.1,22.4
"17개 시도별",대구,633,8.6,14.1,4.9,15.1,23.6,5.1,8.9,2.2,7,6.4,2.4,638,14.5,14.3,10.4,8.5,12.7,1.9,5.1,3,12.5,5.9,5.8,584,12.3,25.4,6.9,12.9,13.6,3.1,5.3,0.4,7,3.5,5.1,490,6.1,25.3,5.5,16.1,14.1,2.4,5,1.7,3.8,7,9.9,580,6.7,23.8,6.5,17,14.7,3.3,5.7,1.3,3.6,4.1,5.9
"17개 시도별",인천,675,5.7,13.8,12.3,14.8,19,5.7,4.1,1.6,6.7,7.8,3.1,637,5.5,19,9.8,8.8,7.4,5.8,5.7,1.5,4.4,9.4,7,644,4.6,32.2,4.3,7.7,11.6,1.5,0.9,-,11.7,4.7,3.6,556,4.1,23.9,2.3,12.2,6.6,3.3,3.2,0.2,11.3,4.2,7.7,624,6.1,29.1,5.8,19.3,3.8,3.6,1.6,1.3,9,2.3,4
"17개 시도별",광주,492,4.1,19.8,5.3,13.1,13,9.5,8.3,0.2,8.9,4.9,3.6,475,8.5,12.2,8,5.7,16.5,11.4,6.3,1.5,4.5,9.6,3.5,451,5.6,22.4,5.9,12.8,11.8,8.8,5.8,1.4,8.6,8.1,3.2,294,2.8,8.8,6.8,21.1,9.1,9.5,5.7,2.2,6.4,6.8,15.2,452,3.7,18.6,5.7,17.9,10.8,12.1,4.3,0.7,4.3,6.1,9.9
"17개 시도별",대전,501,2.9,6.7,8.6,9.2,18.9,5.7,5.8,3.1,7.3,3.8,7.4,493,5.3,10.6,8.6,12.3,13.9,3,6.6,0.8,4.6,11.5,4,463,3.3,22.6,6.2,9.8,5.8,4.9,3.5,0.4,7.9,1.6,6.1,303,9.5,18.8,12.9,14,6.4,2.5,4.9,0.7,8,8.7,12.1,460,4.6,20.8,5.6,24.2,10.4,4.9,4,0.4,5.1,3.4,10.7
"17개 시도별",울산,426,7.4,9.8,7.9,16,11.4,3.2,10,1.3,11.6,6.1,7.9,425,7.8,6.7,2.4,8,20.6,1.7,1.8,0.3,6.5,17.8,7.7,406,4.7,20.9,5.2,7.8,19.7,2.2,4.5,1.3,3.8,6.7,11.1,221,8.5,16.2,6,6.1,7.1,1,3.4,1.5,0.8,2,20.5,390,0.8,17.7,6.5,8.6,4.5,1,1.6,0.5,0.4,0.3,46.1
"17개 시도별",세종,175,6.4,16.3,4.8,9.7,14,3,4.6,0.8,4.7,7.8,7.1,189,5.2,8,13.5,9.1,11.4,0.8,6.1,4.9,6.7,10.4,4.9,201,1.5,33.6,6.1,9.4,10.6,6.1,6.6,0.8,11.6,3.1,5.5,61,7.5,17.8,5.6,12.3,21.9,5.5,8.2,3.3,11.4,3.4,0.8,201,4.8,20,6.4,41.2,8.7,5,1.3,0.5,2,0.8,3.2
"17개 시도별",경기,1357,4.9,10.9,5.3,11.9,25,5.4,7.1,2,7.6,6,3.7,1325,4.1,10.7,5.7,10.1,16.1,7.1,9.5,2.2,9.3,10.3,4.4,1344,3.4,15.8,5.7,10.4,16.4,2.6,5.4,1.6,7.3,3.9,5.7,2408,7.7,21.6,5.8,11.9,7.6,4.6,3.1,0.6,7.3,2.7,6.5,1316,5.3,21.7,5,16.8,7.4,4,3.1,0.5,4.3,1.8,7.5
"17개 시도별",강원,462,3.9,4.2,4.3,6.2,12.2,6.1,7.5,1.8,3.8,8.2,8.6,478,3.4,6.5,3.3,9.9,20,2.7,6.3,2.5,7.2,6.6,4.6,463,3.7,11.1,7.2,12.2,18.5,7,3.2,0.8,4.7,5.7,6.4,320,1.9,8.1,7.1,8.7,10.5,2.9,3.8,1.3,4,5.9,20.1,475,1.9,13.2,5.7,14.9,9.3,3.3,2.4,-,4.1,2.8,10.3
"17개 시도별",충북,512,6.9,7.9,8.8,6.7,18.8,2.9,7.2,1.3,6.2,5.8,4.1,501,3.4,22.3,3.7,7,10.3,3.3,9.2,1.6,9.2,9.5,7.6,475,4.8,10.7,6.1,15.2,10.7,5.1,6.3,1.9,6.9,4.8,12.1,321,10.3,14.4,5.8,26.4,14,7.3,4.1,1.2,3.6,5.3,3.3,480,8.8,16,5,13.6,16.4,1.4,3,0.7,6.4,6.4,14
"17개 시도별",충남,590,4.7,9.6,8.1,12.2,15.5,4.2,8,3.6,6,14.8,0.7,589,2.2,9.1,4.1,10.2,10.8,2.8,6.2,2.1,4.6,14.4,6.4,554,5.2,24.3,5.1,6.5,14.5,7.9,6,0.9,11.2,6.8,4.4,430,15.9,37.5,6.7,8.4,2.7,3.2,2.8,0.2,6,7.6,8.9,562,4.7,31.1,4,21.6,9,3.3,2.7,0.3,6.4,3.8,8.5
"17개 시도별",전북,551,3.5,22.7,4.3,6.5,14.1,3.4,9.1,0.8,8.8,8.5,5.5,560,4.3,15.2,3.9,8.2,27.3,4.7,6.3,2.5,5.1,7.7,6.9,496,7.9,31,2.6,4.7,11.6,3.3,2,0.4,9.2,11.7,6.5,375,6.6,16.7,6.5,7.7,9.3,1.9,8,2.8,8.2,12.3,12.9,511,13.6,17.8,3.4,7.1,22.8,1.1,3.5,0.8,4.3,5,6.5
"17개 시도별",전남,532,6.3,17.2,8,10.7,9.2,6,13.1,1,8.1,10.8,3.2,547,5.2,12.9,9.1,4.2,11.2,6,5.6,3.3,6.3,11.7,10.8,500,4.8,18.2,5.1,8.3,14.2,1.7,3.9,0.2,4,6.7,10.4,360,2.8,24.4,2.9,13.6,11.9,2.2,6.8,0.8,3.7,8.3,12.8,506,6.1,13.2,5.6,10.9,17.2,2.9,4.6,0.7,3.3,6.3,13
"17개 시도별",경북,669,13.6,14.5,7.3,4.5,27.3,4.8,8.2,1.9,5.7,5.2,1.5,666,13.6,16.2,9.1,8.6,15.9,2.5,7,2.2,7.5,5,3.5,611,7.3,22.8,6.7,6.9,14.7,3.5,3.7,0.1,7.8,6.6,3.3,557,8,11.6,5.9,10.5,22.7,3.8,9.2,2.8,3.8,2.9,9.4,623,7.4,28.7,5.6,14.8,5.9,3.9,6.8,1.2,3.1,3.1,6.9
"17개 시도별",경남,719,5.9,10.9,3.6,12,28.9,1.6,4.2,0.4,8.8,6.1,3.8,713,3.5,7.6,3.8,8.8,16.8,5.5,9.6,4.2,6.2,18.5,7.6,682,5.2,20.8,3.8,11.4,11,7.2,7.4,2.2,8.5,8.8,7.2,660,4.9,12.3,3.7,10.8,8.4,5.7,9.3,0.8,6,8.8,16,681,5,13.8,4.4,8.6,8.4,3.1,3.9,0.9,2.6,3.7,15.3
"17개 시도별",제주,300,2.4,4.5,7.9,8.2,36.7,2.3,3.7,1.3,6.1,9.7,6.4,308,5.3,9.2,7.4,8.6,31,2.7,2.7,1.7,6.8,7.7,4.9,302,10,6,5,5.7,13,4.4,7.3,5.3,8.7,7.4,7.1,120,3.3,8.4,4.6,28.7,37.5,-,4,-,2,1.1,9.1,302,3.4,15.4,11.4,8.2,1.7,0.8,1.8,0.3,0.9,1,34.8
"장애여부별",장애등록,-,-,-,-,-,-,-,-,-,-,-,-,124,10.2,20.6,3.6,2.4,15.5,3.6,9.7,0.9,1.5,12.5,3.5,151,5,22.9,4.2,3,7.1,3.4,8.4,2.3,6.3,5.4,2.1,225,5,23.6,9,7.3,4.7,8.2,6.2,1.5,1.6,5.6,4.9,218,6.3,21.5,6.3,7.5,7.6,4,4.1,1.6,0.6,7.1,7.6
"장애여부별",미등록,-,-,-,-,-,-,-,-,-,-,-,-,160,9.2,13.5,4.6,15.1,17.6,6.2,8.7,2.4,3.9,7.7,3.1,55,3.6,11.4,8,3.3,13.8,4.3,12.5,2,5.3,6.4,2.2,233,6.1,26.9,6,8.7,9,7.4,6.6,2.4,1.5,6.1,4.9,110,4.5,27.6,4.5,18.2,6.8,3.3,5.4,0.8,2,1.9,7.2
"장애여부별",해당사항없음,-,-,-,-,-,-,-,-,-,-,-,-,10214,5.3,12,6.2,9.4,16.7,4.9,7.7,2.2,7.7,10.2,5.7,9854,4.9,20.8,5.2,9.6,14.1,4.1,5.1,1.3,7.6,6.2,6.4,9630,7.1,19.2,5.6,12.5,10.3,4.2,5.2,1.4,6.5,5.2,9.7,9721,6,19.6,5.2,15.7,10.3,3.8,3.3,0.8,5.1,3.5,10.8
